"category","attribute","option"
"BEDROOM > BEDROOM SETS","color","White"
"BEDROOM > BEDROOM SETS","color","Black"
"BEDROOM > BEDROOM SETS","color","Orange"
"BEDROOM > BEDROOM SETS","color","Maroon"
"BEDROOM > BEDROOM SETS","color","Red"
"BEDROOM > BEDROOM SETS","color","Yellow"
"BEDROOM > BEDROOM SETS","color","Lime green"
"BEDROOM > BEDROOM SETS","color","Salmon"
"BEDROOM > BEDROOM SETS","color","Green"
"BEDROOM > BEDROOM SETS","color","Sky blue"
"BEDROOM > BEDROOM SETS","color","Crimson"
"BEDROOM > BEDROOM SETS","color","Aqua"
"BEDROOM > BEDROOM SETS","color","Grey"
"BEDROOM > BEDROOM SETS","color","Purple"
"BEDROOM > BEDROOM SETS","color","Mustard"
"BEDROOM > BEDROOM SETS","color","Peach"
"BEDROOM > BEDROOM SETS","color","Violet"
"BEDROOM > BEDROOM SETS","color","Magenta"
"BEDROOM > BEDROOM SETS","color","Coral"
"BEDROOM > BEDROOM SETS","color","Saffron"
"BEDROOM > BEDROOM SETS","color","Brown"
"BEDROOM > BEDROOM SETS","color","Pink"
"BEDROOM > BEDROOM SETS","color","Tan"
"BEDROOM > BEDROOM SETS","color","Teal"
"BEDROOM > BEDROOM SETS","color","Navy Blue"
"BEDROOM > BEDROOM SETS","color","Turquoise"
"BEDROOM > BEDROOM SETS","color","Lavender"
"BEDROOM > BEDROOM SETS","color","Beige"
"BEDROOM > BEDROOM SETS","color","Lemon yellow"
"BEDROOM > BEDROOM SETS","color","Grape vine"
"BEDROOM > BEDROOM SETS","color","Indigo"
"BEDROOM > BEDROOM SETS","color","Fuchsia"
"BEDROOM > BEDROOM SETS","color","Amber"
"BEDROOM > BEDROOM SETS","color","Sea green"
"BEDROOM > BEDROOM SETS","color","Dark green"
"BEDROOM > BEDROOM SETS","color","Burgundy"
"BEDROOM > BEDROOM SETS","color","Charcoal"
"BEDROOM > BEDROOM SETS","color","Bronze"
"BEDROOM > BEDROOM SETS","color","Cream"
"BEDROOM > BEDROOM SETS","color","Mauve"
"BEDROOM > BEDROOM SETS","color","Olive"
"BEDROOM > BEDROOM SETS","color","Cyan"
"BEDROOM > BEDROOM SETS","color","Silver"
"BEDROOM > BEDROOM SETS","color","Rust"
"BEDROOM > BEDROOM SETS","color","Ruby"
"BEDROOM > BEDROOM SETS","color","Azure"
"BEDROOM > BEDROOM SETS","color","Mint"
"BEDROOM > BEDROOM SETS","color","Pearl"
"BEDROOM > BEDROOM SETS","color","Ivory"
"BEDROOM > BEDROOM SETS","color","Tangerine"
"BEDROOM > BEDROOM SETS","color","Cherry red"
"BEDROOM > BEDROOM SETS","color","Garnet"
"BEDROOM > BEDROOM SETS","color","Emerald"
"BEDROOM > BEDROOM SETS","color","Sapphire"
"BEDROOM > BEDROOM SETS","material","Plastic"
"BEDROOM > BEDROOM SETS","material","Metals"
"BEDROOM > BEDROOM SETS","material","Wood"
"BEDROOM > BEDROOM SETS","material","Paper"
"BEDROOM > BEDROOM SETS","material","Natural Textiles"
"BEDROOM > BEDROOM SETS","material","Synthetic Textiles"
"BEDROOM > BEDROOM SETS","material","Leather"
"BEDROOM > BEDROOM SETS","material","Fibers"
"BEDROOM > BEDROOM SETS","design","modern"
"BEDROOM > BEDROOM SETS","design","contemporary"
"BEDROOM > BEDROOM SETS","design","natural"
"BEDROOM > BEDROOM SETS","design","regular"
"BEDROOM > BEDS","color","White"
"BEDROOM > BEDS","color","Black"
"BEDROOM > BEDS","color","Orange"
"BEDROOM > BEDS","color","Maroon"
"BEDROOM > BEDS","color","Red"
"BEDROOM > BEDS","color","Yellow"
"BEDROOM > BEDS","color","Lime green"
"BEDROOM > BEDS","color","Salmon"
"BEDROOM > BEDS","color","Green"
"BEDROOM > BEDS","color","Sky blue"
"BEDROOM > BEDS","color","Crimson"
"BEDROOM > BEDS","color","Aqua"
"BEDROOM > BEDS","color","Grey"
"BEDROOM > BEDS","color","Purple"
"BEDROOM > BEDS","color","Mustard"
"BEDROOM > BEDS","color","Peach"
"BEDROOM > BEDS","color","Violet"
"BEDROOM > BEDS","color","Magenta"
"BEDROOM > BEDS","color","Coral"
"BEDROOM > BEDS","color","Saffron"
"BEDROOM > BEDS","color","Brown"
"BEDROOM > BEDS","color","Pink"
"BEDROOM > BEDS","color","Tan"
"BEDROOM > BEDS","color","Teal"
"BEDROOM > BEDS","color","Navy Blue"
"BEDROOM > BEDS","color","Turquoise"
"BEDROOM > BEDS","color","Lavender"
"BEDROOM > BEDS","color","Beige"
"BEDROOM > BEDS","color","Lemon yellow"
"BEDROOM > BEDS","color","Grape vine"
"BEDROOM > BEDS","color","Indigo"
"BEDROOM > BEDS","color","Fuchsia"
"BEDROOM > BEDS","color","Amber"
"BEDROOM > BEDS","color","Sea green"
"BEDROOM > BEDS","color","Dark green"
"BEDROOM > BEDS","color","Burgundy"
"BEDROOM > BEDS","color","Charcoal"
"BEDROOM > BEDS","color","Bronze"
"BEDROOM > BEDS","color","Cream"
"BEDROOM > BEDS","color","Mauve"
"BEDROOM > BEDS","color","Olive"
"BEDROOM > BEDS","color","Cyan"
"BEDROOM > BEDS","color","Silver"
"BEDROOM > BEDS","color","Rust"
"BEDROOM > BEDS","color","Ruby"
"BEDROOM > BEDS","color","Azure"
"BEDROOM > BEDS","color","Mint"
"BEDROOM > BEDS","color","Pearl"
"BEDROOM > BEDS","color","Ivory"
"BEDROOM > BEDS","color","Tangerine"
"BEDROOM > BEDS","color","Cherry red"
"BEDROOM > BEDS","color","Garnet"
"BEDROOM > BEDS","color","Emerald"
"BEDROOM > BEDS","color","Sapphire"
"BEDROOM > BEDS","material","Plastic"
"BEDROOM > BEDS","material","Metals"
"BEDROOM > BEDS","material","Wood"
"BEDROOM > BEDS","material","Paper"
"BEDROOM > BEDS","material","Natural Textiles"
"BEDROOM > BEDS","material","Synthetic Textiles"
"BEDROOM > BEDS","material","Leather"
"BEDROOM > BEDS","material","Fibers"
"BEDROOM > BEDS","design","modern"
"BEDROOM > BEDS","design","contemporary"
"BEDROOM > BEDS","design","natural"
"BEDROOM > BEDS","design","regular"
"BEDROOM > NIGHTSTAND","color","White"
"BEDROOM > NIGHTSTAND","color","Black"
"BEDROOM > NIGHTSTAND","color","Orange"
"BEDROOM > NIGHTSTAND","color","Maroon"
"BEDROOM > NIGHTSTAND","color","Red"
"BEDROOM > NIGHTSTAND","color","Yellow"
"BEDROOM > NIGHTSTAND","color","Lime green"
"BEDROOM > NIGHTSTAND","color","Salmon"
"BEDROOM > NIGHTSTAND","color","Green"
"BEDROOM > NIGHTSTAND","color","Sky blue"
"BEDROOM > NIGHTSTAND","color","Crimson"
"BEDROOM > NIGHTSTAND","color","Aqua"
"BEDROOM > NIGHTSTAND","color","Grey"
"BEDROOM > NIGHTSTAND","color","Purple"
"BEDROOM > NIGHTSTAND","color","Mustard"
"BEDROOM > NIGHTSTAND","color","Peach"
"BEDROOM > NIGHTSTAND","color","Violet"
"BEDROOM > NIGHTSTAND","color","Magenta"
"BEDROOM > NIGHTSTAND","color","Coral"
"BEDROOM > NIGHTSTAND","color","Saffron"
"BEDROOM > NIGHTSTAND","color","Brown"
"BEDROOM > NIGHTSTAND","color","Pink"
"BEDROOM > NIGHTSTAND","color","Tan"
"BEDROOM > NIGHTSTAND","color","Teal"
"BEDROOM > NIGHTSTAND","color","Navy Blue"
"BEDROOM > NIGHTSTAND","color","Turquoise"
"BEDROOM > NIGHTSTAND","color","Lavender"
"BEDROOM > NIGHTSTAND","color","Beige"
"BEDROOM > NIGHTSTAND","color","Lemon yellow"
"BEDROOM > NIGHTSTAND","color","Grape vine"
"BEDROOM > NIGHTSTAND","color","Indigo"
"BEDROOM > NIGHTSTAND","color","Fuchsia"
"BEDROOM > NIGHTSTAND","color","Amber"
"BEDROOM > NIGHTSTAND","color","Sea green"
"BEDROOM > NIGHTSTAND","color","Dark green"
"BEDROOM > NIGHTSTAND","color","Burgundy"
"BEDROOM > NIGHTSTAND","color","Charcoal"
"BEDROOM > NIGHTSTAND","color","Bronze"
"BEDROOM > NIGHTSTAND","color","Cream"
"BEDROOM > NIGHTSTAND","color","Mauve"
"BEDROOM > NIGHTSTAND","color","Olive"
"BEDROOM > NIGHTSTAND","color","Cyan"
"BEDROOM > NIGHTSTAND","color","Silver"
"BEDROOM > NIGHTSTAND","color","Rust"
"BEDROOM > NIGHTSTAND","color","Ruby"
"BEDROOM > NIGHTSTAND","color","Azure"
"BEDROOM > NIGHTSTAND","color","Mint"
"BEDROOM > NIGHTSTAND","color","Pearl"
"BEDROOM > NIGHTSTAND","color","Ivory"
"BEDROOM > NIGHTSTAND","color","Tangerine"
"BEDROOM > NIGHTSTAND","color","Cherry red"
"BEDROOM > NIGHTSTAND","color","Garnet"
"BEDROOM > NIGHTSTAND","color","Emerald"
"BEDROOM > NIGHTSTAND","color","Sapphire"
"BEDROOM > NIGHTSTAND","material","Plastic"
"BEDROOM > NIGHTSTAND","material","Metals"
"BEDROOM > NIGHTSTAND","material","Wood"
"BEDROOM > NIGHTSTAND","material","Paper"
"BEDROOM > NIGHTSTAND","material","Natural Textiles"
"BEDROOM > NIGHTSTAND","material","Synthetic Textiles"
"BEDROOM > NIGHTSTAND","material","Leather"
"BEDROOM > NIGHTSTAND","material","Fibers"
"BEDROOM > NIGHTSTAND","design","modern"
"BEDROOM > NIGHTSTAND","design","contemporary"
"BEDROOM > NIGHTSTAND","design","natural"
"BEDROOM > NIGHTSTAND","design","regular"
"BEDROOM > DRESSER","color","White"
"BEDROOM > DRESSER","color","Black"
"BEDROOM > DRESSER","color","Orange"
"BEDROOM > DRESSER","color","Maroon"
"BEDROOM > DRESSER","color","Red"
"BEDROOM > DRESSER","color","Yellow"
"BEDROOM > DRESSER","color","Lime green"
"BEDROOM > DRESSER","color","Salmon"
"BEDROOM > DRESSER","color","Green"
"BEDROOM > DRESSER","color","Sky blue"
"BEDROOM > DRESSER","color","Crimson"
"BEDROOM > DRESSER","color","Aqua"
"BEDROOM > DRESSER","color","Grey"
"BEDROOM > DRESSER","color","Purple"
"BEDROOM > DRESSER","color","Mustard"
"BEDROOM > DRESSER","color","Peach"
"BEDROOM > DRESSER","color","Violet"
"BEDROOM > DRESSER","color","Magenta"
"BEDROOM > DRESSER","color","Coral"
"BEDROOM > DRESSER","color","Saffron"
"BEDROOM > DRESSER","color","Brown"
"BEDROOM > DRESSER","color","Pink"
"BEDROOM > DRESSER","color","Tan"
"BEDROOM > DRESSER","color","Teal"
"BEDROOM > DRESSER","color","Navy Blue"
"BEDROOM > DRESSER","color","Turquoise"
"BEDROOM > DRESSER","color","Lavender"
"BEDROOM > DRESSER","color","Beige"
"BEDROOM > DRESSER","color","Lemon yellow"
"BEDROOM > DRESSER","color","Grape vine"
"BEDROOM > DRESSER","color","Indigo"
"BEDROOM > DRESSER","color","Fuchsia"
"BEDROOM > DRESSER","color","Amber"
"BEDROOM > DRESSER","color","Sea green"
"BEDROOM > DRESSER","color","Dark green"
"BEDROOM > DRESSER","color","Burgundy"
"BEDROOM > DRESSER","color","Charcoal"
"BEDROOM > DRESSER","color","Bronze"
"BEDROOM > DRESSER","color","Cream"
"BEDROOM > DRESSER","color","Mauve"
"BEDROOM > DRESSER","color","Olive"
"BEDROOM > DRESSER","color","Cyan"
"BEDROOM > DRESSER","color","Silver"
"BEDROOM > DRESSER","color","Rust"
"BEDROOM > DRESSER","color","Ruby"
"BEDROOM > DRESSER","color","Azure"
"BEDROOM > DRESSER","color","Mint"
"BEDROOM > DRESSER","color","Pearl"
"BEDROOM > DRESSER","color","Ivory"
"BEDROOM > DRESSER","color","Tangerine"
"BEDROOM > DRESSER","color","Cherry red"
"BEDROOM > DRESSER","color","Garnet"
"BEDROOM > DRESSER","color","Emerald"
"BEDROOM > DRESSER","color","Sapphire"
"BEDROOM > DRESSER","material","Plastic"
"BEDROOM > DRESSER","material","Metals"
"BEDROOM > DRESSER","material","Wood"
"BEDROOM > DRESSER","material","Paper"
"BEDROOM > DRESSER","material","Natural Textiles"
"BEDROOM > DRESSER","material","Synthetic Textiles"
"BEDROOM > DRESSER","material","Leather"
"BEDROOM > DRESSER","material","Fibers"
"BEDROOM > DRESSER","design","modern"
"BEDROOM > DRESSER","design","contemporary"
"BEDROOM > DRESSER","design","natural"
"BEDROOM > DRESSER","design","regular"
"BEDROOM > MIRRORS","color","White"
"BEDROOM > MIRRORS","color","Black"
"BEDROOM > MIRRORS","color","Orange"
"BEDROOM > MIRRORS","color","Maroon"
"BEDROOM > MIRRORS","color","Red"
"BEDROOM > MIRRORS","color","Yellow"
"BEDROOM > MIRRORS","color","Lime green"
"BEDROOM > MIRRORS","color","Salmon"
"BEDROOM > MIRRORS","color","Green"
"BEDROOM > MIRRORS","color","Sky blue"
"BEDROOM > MIRRORS","color","Crimson"
"BEDROOM > MIRRORS","color","Aqua"
"BEDROOM > MIRRORS","color","Grey"
"BEDROOM > MIRRORS","color","Purple"
"BEDROOM > MIRRORS","color","Mustard"
"BEDROOM > MIRRORS","color","Peach"
"BEDROOM > MIRRORS","color","Violet"
"BEDROOM > MIRRORS","color","Magenta"
"BEDROOM > MIRRORS","color","Coral"
"BEDROOM > MIRRORS","color","Saffron"
"BEDROOM > MIRRORS","color","Brown"
"BEDROOM > MIRRORS","color","Pink"
"BEDROOM > MIRRORS","color","Tan"
"BEDROOM > MIRRORS","color","Teal"
"BEDROOM > MIRRORS","color","Navy Blue"
"BEDROOM > MIRRORS","color","Turquoise"
"BEDROOM > MIRRORS","color","Lavender"
"BEDROOM > MIRRORS","color","Beige"
"BEDROOM > MIRRORS","color","Lemon yellow"
"BEDROOM > MIRRORS","color","Grape vine"
"BEDROOM > MIRRORS","color","Indigo"
"BEDROOM > MIRRORS","color","Fuchsia"
"BEDROOM > MIRRORS","color","Amber"
"BEDROOM > MIRRORS","color","Sea green"
"BEDROOM > MIRRORS","color","Dark green"
"BEDROOM > MIRRORS","color","Burgundy"
"BEDROOM > MIRRORS","color","Charcoal"
"BEDROOM > MIRRORS","color","Bronze"
"BEDROOM > MIRRORS","color","Cream"
"BEDROOM > MIRRORS","color","Mauve"
"BEDROOM > MIRRORS","color","Olive"
"BEDROOM > MIRRORS","color","Cyan"
"BEDROOM > MIRRORS","color","Silver"
"BEDROOM > MIRRORS","color","Rust"
"BEDROOM > MIRRORS","color","Ruby"
"BEDROOM > MIRRORS","color","Azure"
"BEDROOM > MIRRORS","color","Mint"
"BEDROOM > MIRRORS","color","Pearl"
"BEDROOM > MIRRORS","color","Ivory"
"BEDROOM > MIRRORS","color","Tangerine"
"BEDROOM > MIRRORS","color","Cherry red"
"BEDROOM > MIRRORS","color","Garnet"
"BEDROOM > MIRRORS","color","Emerald"
"BEDROOM > MIRRORS","color","Sapphire"
"BEDROOM > MIRRORS","material","Plastic"
"BEDROOM > MIRRORS","material","Metals"
"BEDROOM > MIRRORS","material","Wood"
"BEDROOM > MIRRORS","material","Paper"
"BEDROOM > MIRRORS","material","Natural Textiles"
"BEDROOM > MIRRORS","material","Synthetic Textiles"
"BEDROOM > MIRRORS","material","Leather"
"BEDROOM > MIRRORS","material","Fibers"
"BEDROOM > MIRRORS","design","modern"
"BEDROOM > MIRRORS","design","contemporary"
"BEDROOM > MIRRORS","design","natural"
"BEDROOM > MIRRORS","design","regular"
"BEDROOM > CUBBOARDS","color","White"
"BEDROOM > CUBBOARDS","color","Black"
"BEDROOM > CUBBOARDS","color","Orange"
"BEDROOM > CUBBOARDS","color","Maroon"
"BEDROOM > CUBBOARDS","color","Red"
"BEDROOM > CUBBOARDS","color","Yellow"
"BEDROOM > CUBBOARDS","color","Lime green"
"BEDROOM > CUBBOARDS","color","Salmon"
"BEDROOM > CUBBOARDS","color","Green"
"BEDROOM > CUBBOARDS","color","Sky blue"
"BEDROOM > CUBBOARDS","color","Crimson"
"BEDROOM > CUBBOARDS","color","Aqua"
"BEDROOM > CUBBOARDS","color","Grey"
"BEDROOM > CUBBOARDS","color","Purple"
"BEDROOM > CUBBOARDS","color","Mustard"
"BEDROOM > CUBBOARDS","color","Peach"
"BEDROOM > CUBBOARDS","color","Violet"
"BEDROOM > CUBBOARDS","color","Magenta"
"BEDROOM > CUBBOARDS","color","Coral"
"BEDROOM > CUBBOARDS","color","Saffron"
"BEDROOM > CUBBOARDS","color","Brown"
"BEDROOM > CUBBOARDS","color","Pink"
"BEDROOM > CUBBOARDS","color","Tan"
"BEDROOM > CUBBOARDS","color","Teal"
"BEDROOM > CUBBOARDS","color","Navy Blue"
"BEDROOM > CUBBOARDS","color","Turquoise"
"BEDROOM > CUBBOARDS","color","Lavender"
"BEDROOM > CUBBOARDS","color","Beige"
"BEDROOM > CUBBOARDS","color","Lemon yellow"
"BEDROOM > CUBBOARDS","color","Grape vine"
"BEDROOM > CUBBOARDS","color","Indigo"
"BEDROOM > CUBBOARDS","color","Fuchsia"
"BEDROOM > CUBBOARDS","color","Amber"
"BEDROOM > CUBBOARDS","color","Sea green"
"BEDROOM > CUBBOARDS","color","Dark green"
"BEDROOM > CUBBOARDS","color","Burgundy"
"BEDROOM > CUBBOARDS","color","Charcoal"
"BEDROOM > CUBBOARDS","color","Bronze"
"BEDROOM > CUBBOARDS","color","Cream"
"BEDROOM > CUBBOARDS","color","Mauve"
"BEDROOM > CUBBOARDS","color","Olive"
"BEDROOM > CUBBOARDS","color","Cyan"
"BEDROOM > CUBBOARDS","color","Silver"
"BEDROOM > CUBBOARDS","color","Rust"
"BEDROOM > CUBBOARDS","color","Ruby"
"BEDROOM > CUBBOARDS","color","Azure"
"BEDROOM > CUBBOARDS","color","Mint"
"BEDROOM > CUBBOARDS","color","Pearl"
"BEDROOM > CUBBOARDS","color","Ivory"
"BEDROOM > CUBBOARDS","color","Tangerine"
"BEDROOM > CUBBOARDS","color","Cherry red"
"BEDROOM > CUBBOARDS","color","Garnet"
"BEDROOM > CUBBOARDS","color","Emerald"
"BEDROOM > CUBBOARDS","color","Sapphire"
"BEDROOM > CUBBOARDS","material","Plastic"
"BEDROOM > CUBBOARDS","material","Metals"
"BEDROOM > CUBBOARDS","material","Wood"
"BEDROOM > CUBBOARDS","material","Paper"
"BEDROOM > CUBBOARDS","material","Natural Textiles"
"BEDROOM > CUBBOARDS","material","Synthetic Textiles"
"BEDROOM > CUBBOARDS","material","Leather"
"BEDROOM > CUBBOARDS","material","Fibers"
"BEDROOM > CUBBOARDS","design","modern"
"BEDROOM > CUBBOARDS","design","contemporary"
"BEDROOM > CUBBOARDS","design","natural"
"BEDROOM > CUBBOARDS","design","regular"
"BEDROOM > BENCHES","color","White"
"BEDROOM > BENCHES","color","Black"
"BEDROOM > BENCHES","color","Orange"
"BEDROOM > BENCHES","color","Maroon"
"BEDROOM > BENCHES","color","Red"
"BEDROOM > BENCHES","color","Yellow"
"BEDROOM > BENCHES","color","Lime green"
"BEDROOM > BENCHES","color","Salmon"
"BEDROOM > BENCHES","color","Green"
"BEDROOM > BENCHES","color","Sky blue"
"BEDROOM > BENCHES","color","Crimson"
"BEDROOM > BENCHES","color","Aqua"
"BEDROOM > BENCHES","color","Grey"
"BEDROOM > BENCHES","color","Purple"
"BEDROOM > BENCHES","color","Mustard"
"BEDROOM > BENCHES","color","Peach"
"BEDROOM > BENCHES","color","Violet"
"BEDROOM > BENCHES","color","Magenta"
"BEDROOM > BENCHES","color","Coral"
"BEDROOM > BENCHES","color","Saffron"
"BEDROOM > BENCHES","color","Brown"
"BEDROOM > BENCHES","color","Pink"
"BEDROOM > BENCHES","color","Tan"
"BEDROOM > BENCHES","color","Teal"
"BEDROOM > BENCHES","color","Navy Blue"
"BEDROOM > BENCHES","color","Turquoise"
"BEDROOM > BENCHES","color","Lavender"
"BEDROOM > BENCHES","color","Beige"
"BEDROOM > BENCHES","color","Lemon yellow"
"BEDROOM > BENCHES","color","Grape vine"
"BEDROOM > BENCHES","color","Indigo"
"BEDROOM > BENCHES","color","Fuchsia"
"BEDROOM > BENCHES","color","Amber"
"BEDROOM > BENCHES","color","Sea green"
"BEDROOM > BENCHES","color","Dark green"
"BEDROOM > BENCHES","color","Burgundy"
"BEDROOM > BENCHES","color","Charcoal"
"BEDROOM > BENCHES","color","Bronze"
"BEDROOM > BENCHES","color","Cream"
"BEDROOM > BENCHES","color","Mauve"
"BEDROOM > BENCHES","color","Olive"
"BEDROOM > BENCHES","color","Cyan"
"BEDROOM > BENCHES","color","Silver"
"BEDROOM > BENCHES","color","Rust"
"BEDROOM > BENCHES","color","Ruby"
"BEDROOM > BENCHES","color","Azure"
"BEDROOM > BENCHES","color","Mint"
"BEDROOM > BENCHES","color","Pearl"
"BEDROOM > BENCHES","color","Ivory"
"BEDROOM > BENCHES","color","Tangerine"
"BEDROOM > BENCHES","color","Cherry red"
"BEDROOM > BENCHES","color","Garnet"
"BEDROOM > BENCHES","color","Emerald"
"BEDROOM > BENCHES","color","Sapphire"
"BEDROOM > BENCHES","material","Plastic"
"BEDROOM > BENCHES","material","Metals"
"BEDROOM > BENCHES","material","Wood"
"BEDROOM > BENCHES","material","Paper"
"BEDROOM > BENCHES","material","Natural Textiles"
"BEDROOM > BENCHES","material","Synthetic Textiles"
"BEDROOM > BENCHES","material","Leather"
"BEDROOM > BENCHES","material","Fibers"
"BEDROOM > BENCHES","design","modern"
"BEDROOM > BENCHES","design","contemporary"
"BEDROOM > BENCHES","design","natural"
"BEDROOM > BENCHES","design","regular"
"LIVING ROOM > CHAIRS","color","White"
"LIVING ROOM > CHAIRS","color","Black"
"LIVING ROOM > CHAIRS","color","Orange"
"LIVING ROOM > CHAIRS","color","Maroon"
"LIVING ROOM > CHAIRS","color","Red"
"LIVING ROOM > CHAIRS","color","Yellow"
"LIVING ROOM > CHAIRS","color","Lime green"
"LIVING ROOM > CHAIRS","color","Salmon"
"LIVING ROOM > CHAIRS","color","Green"
"LIVING ROOM > CHAIRS","color","Sky blue"
"LIVING ROOM > CHAIRS","color","Crimson"
"LIVING ROOM > CHAIRS","color","Aqua"
"LIVING ROOM > CHAIRS","color","Grey"
"LIVING ROOM > CHAIRS","color","Purple"
"LIVING ROOM > CHAIRS","color","Mustard"
"LIVING ROOM > CHAIRS","color","Peach"
"LIVING ROOM > CHAIRS","color","Violet"
"LIVING ROOM > CHAIRS","color","Magenta"
"LIVING ROOM > CHAIRS","color","Coral"
"LIVING ROOM > CHAIRS","color","Saffron"
"LIVING ROOM > CHAIRS","color","Brown"
"LIVING ROOM > CHAIRS","color","Pink"
"LIVING ROOM > CHAIRS","color","Tan"
"LIVING ROOM > CHAIRS","color","Teal"
"LIVING ROOM > CHAIRS","color","Navy Blue"
"LIVING ROOM > CHAIRS","color","Turquoise"
"LIVING ROOM > CHAIRS","color","Lavender"
"LIVING ROOM > CHAIRS","color","Beige"
"LIVING ROOM > CHAIRS","color","Lemon yellow"
"LIVING ROOM > CHAIRS","color","Grape vine"
"LIVING ROOM > CHAIRS","color","Indigo"
"LIVING ROOM > CHAIRS","color","Fuchsia"
"LIVING ROOM > CHAIRS","color","Amber"
"LIVING ROOM > CHAIRS","color","Sea green"
"LIVING ROOM > CHAIRS","color","Dark green"
"LIVING ROOM > CHAIRS","color","Burgundy"
"LIVING ROOM > CHAIRS","color","Charcoal"
"LIVING ROOM > CHAIRS","color","Bronze"
"LIVING ROOM > CHAIRS","color","Cream"
"LIVING ROOM > CHAIRS","color","Mauve"
"LIVING ROOM > CHAIRS","color","Olive"
"LIVING ROOM > CHAIRS","color","Cyan"
"LIVING ROOM > CHAIRS","color","Silver"
"LIVING ROOM > CHAIRS","color","Rust"
"LIVING ROOM > CHAIRS","color","Ruby"
"LIVING ROOM > CHAIRS","color","Azure"
"LIVING ROOM > CHAIRS","color","Mint"
"LIVING ROOM > CHAIRS","color","Pearl"
"LIVING ROOM > CHAIRS","color","Ivory"
"LIVING ROOM > CHAIRS","color","Tangerine"
"LIVING ROOM > CHAIRS","color","Cherry red"
"LIVING ROOM > CHAIRS","color","Garnet"
"LIVING ROOM > CHAIRS","color","Emerald"
"LIVING ROOM > CHAIRS","color","Sapphire"
"LIVING ROOM > CHAIRS","material","Plastic"
"LIVING ROOM > CHAIRS","material","Metals"
"LIVING ROOM > CHAIRS","material","Wood"
"LIVING ROOM > CHAIRS","material","Paper"
"LIVING ROOM > CHAIRS","material","Natural Textiles"
"LIVING ROOM > CHAIRS","material","Synthetic Textiles"
"LIVING ROOM > CHAIRS","material","Leather"
"LIVING ROOM > CHAIRS","material","Fibers"
"LIVING ROOM > CHAIRS","design","modern"
"LIVING ROOM > CHAIRS","design","contemporary"
"LIVING ROOM > CHAIRS","design","natural"
"LIVING ROOM > CHAIRS","design","regular"
"LIVING ROOM > SOFAS","color","White"
"LIVING ROOM > SOFAS","color","Black"
"LIVING ROOM > SOFAS","color","Orange"
"LIVING ROOM > SOFAS","color","Maroon"
"LIVING ROOM > SOFAS","color","Red"
"LIVING ROOM > SOFAS","color","Yellow"
"LIVING ROOM > SOFAS","color","Lime green"
"LIVING ROOM > SOFAS","color","Salmon"
"LIVING ROOM > SOFAS","color","Green"
"LIVING ROOM > SOFAS","color","Sky blue"
"LIVING ROOM > SOFAS","color","Crimson"
"LIVING ROOM > SOFAS","color","Aqua"
"LIVING ROOM > SOFAS","color","Grey"
"LIVING ROOM > SOFAS","color","Purple"
"LIVING ROOM > SOFAS","color","Mustard"
"LIVING ROOM > SOFAS","color","Peach"
"LIVING ROOM > SOFAS","color","Violet"
"LIVING ROOM > SOFAS","color","Magenta"
"LIVING ROOM > SOFAS","color","Coral"
"LIVING ROOM > SOFAS","color","Saffron"
"LIVING ROOM > SOFAS","color","Brown"
"LIVING ROOM > SOFAS","color","Pink"
"LIVING ROOM > SOFAS","color","Tan"
"LIVING ROOM > SOFAS","color","Teal"
"LIVING ROOM > SOFAS","color","Navy Blue"
"LIVING ROOM > SOFAS","color","Turquoise"
"LIVING ROOM > SOFAS","color","Lavender"
"LIVING ROOM > SOFAS","color","Beige"
"LIVING ROOM > SOFAS","color","Lemon yellow"
"LIVING ROOM > SOFAS","color","Grape vine"
"LIVING ROOM > SOFAS","color","Indigo"
"LIVING ROOM > SOFAS","color","Fuchsia"
"LIVING ROOM > SOFAS","color","Amber"
"LIVING ROOM > SOFAS","color","Sea green"
"LIVING ROOM > SOFAS","color","Dark green"
"LIVING ROOM > SOFAS","color","Burgundy"
"LIVING ROOM > SOFAS","color","Charcoal"
"LIVING ROOM > SOFAS","color","Bronze"
"LIVING ROOM > SOFAS","color","Cream"
"LIVING ROOM > SOFAS","color","Mauve"
"LIVING ROOM > SOFAS","color","Olive"
"LIVING ROOM > SOFAS","color","Cyan"
"LIVING ROOM > SOFAS","color","Silver"
"LIVING ROOM > SOFAS","color","Rust"
"LIVING ROOM > SOFAS","color","Ruby"
"LIVING ROOM > SOFAS","color","Azure"
"LIVING ROOM > SOFAS","color","Mint"
"LIVING ROOM > SOFAS","color","Pearl"
"LIVING ROOM > SOFAS","color","Ivory"
"LIVING ROOM > SOFAS","color","Tangerine"
"LIVING ROOM > SOFAS","color","Cherry red"
"LIVING ROOM > SOFAS","color","Garnet"
"LIVING ROOM > SOFAS","color","Emerald"
"LIVING ROOM > SOFAS","color","Sapphire"
"LIVING ROOM > SOFAS","material","Plastic"
"LIVING ROOM > SOFAS","material","Metals"
"LIVING ROOM > SOFAS","material","Wood"
"LIVING ROOM > SOFAS","material","Paper"
"LIVING ROOM > SOFAS","material","Natural Textiles"
"LIVING ROOM > SOFAS","material","Synthetic Textiles"
"LIVING ROOM > SOFAS","material","Leather"
"LIVING ROOM > SOFAS","material","Fibers"
"LIVING ROOM > SOFAS","design","modern"
"LIVING ROOM > SOFAS","design","contemporary"
"LIVING ROOM > SOFAS","design","natural"
"LIVING ROOM > SOFAS","design","regular"
"LIVING ROOM > LOVESEATS","color","White"
"LIVING ROOM > LOVESEATS","color","Black"
"LIVING ROOM > LOVESEATS","color","Orange"
"LIVING ROOM > LOVESEATS","color","Maroon"
"LIVING ROOM > LOVESEATS","color","Red"
"LIVING ROOM > LOVESEATS","color","Yellow"
"LIVING ROOM > LOVESEATS","color","Lime green"
"LIVING ROOM > LOVESEATS","color","Salmon"
"LIVING ROOM > LOVESEATS","color","Green"
"LIVING ROOM > LOVESEATS","color","Sky blue"
"LIVING ROOM > LOVESEATS","color","Crimson"
"LIVING ROOM > LOVESEATS","color","Aqua"
"LIVING ROOM > LOVESEATS","color","Grey"
"LIVING ROOM > LOVESEATS","color","Purple"
"LIVING ROOM > LOVESEATS","color","Mustard"
"LIVING ROOM > LOVESEATS","color","Peach"
"LIVING ROOM > LOVESEATS","color","Violet"
"LIVING ROOM > LOVESEATS","color","Magenta"
"LIVING ROOM > LOVESEATS","color","Coral"
"LIVING ROOM > LOVESEATS","color","Saffron"
"LIVING ROOM > LOVESEATS","color","Brown"
"LIVING ROOM > LOVESEATS","color","Pink"
"LIVING ROOM > LOVESEATS","color","Tan"
"LIVING ROOM > LOVESEATS","color","Teal"
"LIVING ROOM > LOVESEATS","color","Navy Blue"
"LIVING ROOM > LOVESEATS","color","Turquoise"
"LIVING ROOM > LOVESEATS","color","Lavender"
"LIVING ROOM > LOVESEATS","color","Beige"
"LIVING ROOM > LOVESEATS","color","Lemon yellow"
"LIVING ROOM > LOVESEATS","color","Grape vine"
"LIVING ROOM > LOVESEATS","color","Indigo"
"LIVING ROOM > LOVESEATS","color","Fuchsia"
"LIVING ROOM > LOVESEATS","color","Amber"
"LIVING ROOM > LOVESEATS","color","Sea green"
"LIVING ROOM > LOVESEATS","color","Dark green"
"LIVING ROOM > LOVESEATS","color","Burgundy"
"LIVING ROOM > LOVESEATS","color","Charcoal"
"LIVING ROOM > LOVESEATS","color","Bronze"
"LIVING ROOM > LOVESEATS","color","Cream"
"LIVING ROOM > LOVESEATS","color","Mauve"
"LIVING ROOM > LOVESEATS","color","Olive"
"LIVING ROOM > LOVESEATS","color","Cyan"
"LIVING ROOM > LOVESEATS","color","Silver"
"LIVING ROOM > LOVESEATS","color","Rust"
"LIVING ROOM > LOVESEATS","color","Ruby"
"LIVING ROOM > LOVESEATS","color","Azure"
"LIVING ROOM > LOVESEATS","color","Mint"
"LIVING ROOM > LOVESEATS","color","Pearl"
"LIVING ROOM > LOVESEATS","color","Ivory"
"LIVING ROOM > LOVESEATS","color","Tangerine"
"LIVING ROOM > LOVESEATS","color","Cherry red"
"LIVING ROOM > LOVESEATS","color","Garnet"
"LIVING ROOM > LOVESEATS","color","Emerald"
"LIVING ROOM > LOVESEATS","color","Sapphire"
"LIVING ROOM > LOVESEATS","material","Plastic"
"LIVING ROOM > LOVESEATS","material","Metals"
"LIVING ROOM > LOVESEATS","material","Wood"
"LIVING ROOM > LOVESEATS","material","Paper"
"LIVING ROOM > LOVESEATS","material","Natural Textiles"
"LIVING ROOM > LOVESEATS","material","Synthetic Textiles"
"LIVING ROOM > LOVESEATS","material","Leather"
"LIVING ROOM > LOVESEATS","material","Fibers"
"LIVING ROOM > LOVESEATS","design","modern"
"LIVING ROOM > LOVESEATS","design","contemporary"
"LIVING ROOM > LOVESEATS","design","natural"
"LIVING ROOM > LOVESEATS","design","regular"
"LIVING ROOM > TABLES","color","White"
"LIVING ROOM > TABLES","color","Black"
"LIVING ROOM > TABLES","color","Orange"
"LIVING ROOM > TABLES","color","Maroon"
"LIVING ROOM > TABLES","color","Red"
"LIVING ROOM > TABLES","color","Yellow"
"LIVING ROOM > TABLES","color","Lime green"
"LIVING ROOM > TABLES","color","Salmon"
"LIVING ROOM > TABLES","color","Green"
"LIVING ROOM > TABLES","color","Sky blue"
"LIVING ROOM > TABLES","color","Crimson"
"LIVING ROOM > TABLES","color","Aqua"
"LIVING ROOM > TABLES","color","Grey"
"LIVING ROOM > TABLES","color","Purple"
"LIVING ROOM > TABLES","color","Mustard"
"LIVING ROOM > TABLES","color","Peach"
"LIVING ROOM > TABLES","color","Violet"
"LIVING ROOM > TABLES","color","Magenta"
"LIVING ROOM > TABLES","color","Coral"
"LIVING ROOM > TABLES","color","Saffron"
"LIVING ROOM > TABLES","color","Brown"
"LIVING ROOM > TABLES","color","Pink"
"LIVING ROOM > TABLES","color","Tan"
"LIVING ROOM > TABLES","color","Teal"
"LIVING ROOM > TABLES","color","Navy Blue"
"LIVING ROOM > TABLES","color","Turquoise"
"LIVING ROOM > TABLES","color","Lavender"
"LIVING ROOM > TABLES","color","Beige"
"LIVING ROOM > TABLES","color","Lemon yellow"
"LIVING ROOM > TABLES","color","Grape vine"
"LIVING ROOM > TABLES","color","Indigo"
"LIVING ROOM > TABLES","color","Fuchsia"
"LIVING ROOM > TABLES","color","Amber"
"LIVING ROOM > TABLES","color","Sea green"
"LIVING ROOM > TABLES","color","Dark green"
"LIVING ROOM > TABLES","color","Burgundy"
"LIVING ROOM > TABLES","color","Charcoal"
"LIVING ROOM > TABLES","color","Bronze"
"LIVING ROOM > TABLES","color","Cream"
"LIVING ROOM > TABLES","color","Mauve"
"LIVING ROOM > TABLES","color","Olive"
"LIVING ROOM > TABLES","color","Cyan"
"LIVING ROOM > TABLES","color","Silver"
"LIVING ROOM > TABLES","color","Rust"
"LIVING ROOM > TABLES","color","Ruby"
"LIVING ROOM > TABLES","color","Azure"
"LIVING ROOM > TABLES","color","Mint"
"LIVING ROOM > TABLES","color","Pearl"
"LIVING ROOM > TABLES","color","Ivory"
"LIVING ROOM > TABLES","color","Tangerine"
"LIVING ROOM > TABLES","color","Cherry red"
"LIVING ROOM > TABLES","color","Garnet"
"LIVING ROOM > TABLES","color","Emerald"
"LIVING ROOM > TABLES","color","Sapphire"
"LIVING ROOM > TABLES","material","Plastic"
"LIVING ROOM > TABLES","material","Metals"
"LIVING ROOM > TABLES","material","Wood"
"LIVING ROOM > TABLES","material","Paper"
"LIVING ROOM > TABLES","material","Natural Textiles"
"LIVING ROOM > TABLES","material","Synthetic Textiles"
"LIVING ROOM > TABLES","material","Leather"
"LIVING ROOM > TABLES","material","Fibers"
"LIVING ROOM > TABLES","design","modern"
"LIVING ROOM > TABLES","design","contemporary"
"LIVING ROOM > TABLES","design","natural"
"LIVING ROOM > TABLES","design","regular"
"LIVING ROOM > SECTIONALS","color","White"
"LIVING ROOM > SECTIONALS","color","Black"
"LIVING ROOM > SECTIONALS","color","Orange"
"LIVING ROOM > SECTIONALS","color","Maroon"
"LIVING ROOM > SECTIONALS","color","Red"
"LIVING ROOM > SECTIONALS","color","Yellow"
"LIVING ROOM > SECTIONALS","color","Lime green"
"LIVING ROOM > SECTIONALS","color","Salmon"
"LIVING ROOM > SECTIONALS","color","Green"
"LIVING ROOM > SECTIONALS","color","Sky blue"
"LIVING ROOM > SECTIONALS","color","Crimson"
"LIVING ROOM > SECTIONALS","color","Aqua"
"LIVING ROOM > SECTIONALS","color","Grey"
"LIVING ROOM > SECTIONALS","color","Purple"
"LIVING ROOM > SECTIONALS","color","Mustard"
"LIVING ROOM > SECTIONALS","color","Peach"
"LIVING ROOM > SECTIONALS","color","Violet"
"LIVING ROOM > SECTIONALS","color","Magenta"
"LIVING ROOM > SECTIONALS","color","Coral"
"LIVING ROOM > SECTIONALS","color","Saffron"
"LIVING ROOM > SECTIONALS","color","Brown"
"LIVING ROOM > SECTIONALS","color","Pink"
"LIVING ROOM > SECTIONALS","color","Tan"
"LIVING ROOM > SECTIONALS","color","Teal"
"LIVING ROOM > SECTIONALS","color","Navy Blue"
"LIVING ROOM > SECTIONALS","color","Turquoise"
"LIVING ROOM > SECTIONALS","color","Lavender"
"LIVING ROOM > SECTIONALS","color","Beige"
"LIVING ROOM > SECTIONALS","color","Lemon yellow"
"LIVING ROOM > SECTIONALS","color","Grape vine"
"LIVING ROOM > SECTIONALS","color","Indigo"
"LIVING ROOM > SECTIONALS","color","Fuchsia"
"LIVING ROOM > SECTIONALS","color","Amber"
"LIVING ROOM > SECTIONALS","color","Sea green"
"LIVING ROOM > SECTIONALS","color","Dark green"
"LIVING ROOM > SECTIONALS","color","Burgundy"
"LIVING ROOM > SECTIONALS","color","Charcoal"
"LIVING ROOM > SECTIONALS","color","Bronze"
"LIVING ROOM > SECTIONALS","color","Cream"
"LIVING ROOM > SECTIONALS","color","Mauve"
"LIVING ROOM > SECTIONALS","color","Olive"
"LIVING ROOM > SECTIONALS","color","Cyan"
"LIVING ROOM > SECTIONALS","color","Silver"
"LIVING ROOM > SECTIONALS","color","Rust"
"LIVING ROOM > SECTIONALS","color","Ruby"
"LIVING ROOM > SECTIONALS","color","Azure"
"LIVING ROOM > SECTIONALS","color","Mint"
"LIVING ROOM > SECTIONALS","color","Pearl"
"LIVING ROOM > SECTIONALS","color","Ivory"
"LIVING ROOM > SECTIONALS","color","Tangerine"
"LIVING ROOM > SECTIONALS","color","Cherry red"
"LIVING ROOM > SECTIONALS","color","Garnet"
"LIVING ROOM > SECTIONALS","color","Emerald"
"LIVING ROOM > SECTIONALS","color","Sapphire"
"LIVING ROOM > SECTIONALS","material","Plastic"
"LIVING ROOM > SECTIONALS","material","Metals"
"LIVING ROOM > SECTIONALS","material","Wood"
"LIVING ROOM > SECTIONALS","material","Paper"
"LIVING ROOM > SECTIONALS","material","Natural Textiles"
"LIVING ROOM > SECTIONALS","material","Synthetic Textiles"
"LIVING ROOM > SECTIONALS","material","Leather"
"LIVING ROOM > SECTIONALS","material","Fibers"
"LIVING ROOM > SECTIONALS","design","modern"
"LIVING ROOM > SECTIONALS","design","contemporary"
"LIVING ROOM > SECTIONALS","design","natural"
"LIVING ROOM > SECTIONALS","design","regular"
"LIVING ROOM > LIVING ROOM SETS","color","White"
"LIVING ROOM > LIVING ROOM SETS","color","Black"
"LIVING ROOM > LIVING ROOM SETS","color","Orange"
"LIVING ROOM > LIVING ROOM SETS","color","Maroon"
"LIVING ROOM > LIVING ROOM SETS","color","Red"
"LIVING ROOM > LIVING ROOM SETS","color","Yellow"
"LIVING ROOM > LIVING ROOM SETS","color","Lime green"
"LIVING ROOM > LIVING ROOM SETS","color","Salmon"
"LIVING ROOM > LIVING ROOM SETS","color","Green"
"LIVING ROOM > LIVING ROOM SETS","color","Sky blue"
"LIVING ROOM > LIVING ROOM SETS","color","Crimson"
"LIVING ROOM > LIVING ROOM SETS","color","Aqua"
"LIVING ROOM > LIVING ROOM SETS","color","Grey"
"LIVING ROOM > LIVING ROOM SETS","color","Purple"
"LIVING ROOM > LIVING ROOM SETS","color","Mustard"
"LIVING ROOM > LIVING ROOM SETS","color","Peach"
"LIVING ROOM > LIVING ROOM SETS","color","Violet"
"LIVING ROOM > LIVING ROOM SETS","color","Magenta"
"LIVING ROOM > LIVING ROOM SETS","color","Coral"
"LIVING ROOM > LIVING ROOM SETS","color","Saffron"
"LIVING ROOM > LIVING ROOM SETS","color","Brown"
"LIVING ROOM > LIVING ROOM SETS","color","Pink"
"LIVING ROOM > LIVING ROOM SETS","color","Tan"
"LIVING ROOM > LIVING ROOM SETS","color","Teal"
"LIVING ROOM > LIVING ROOM SETS","color","Navy Blue"
"LIVING ROOM > LIVING ROOM SETS","color","Turquoise"
"LIVING ROOM > LIVING ROOM SETS","color","Lavender"
"LIVING ROOM > LIVING ROOM SETS","color","Beige"
"LIVING ROOM > LIVING ROOM SETS","color","Lemon yellow"
"LIVING ROOM > LIVING ROOM SETS","color","Grape vine"
"LIVING ROOM > LIVING ROOM SETS","color","Indigo"
"LIVING ROOM > LIVING ROOM SETS","color","Fuchsia"
"LIVING ROOM > LIVING ROOM SETS","color","Amber"
"LIVING ROOM > LIVING ROOM SETS","color","Sea green"
"LIVING ROOM > LIVING ROOM SETS","color","Dark green"
"LIVING ROOM > LIVING ROOM SETS","color","Burgundy"
"LIVING ROOM > LIVING ROOM SETS","color","Charcoal"
"LIVING ROOM > LIVING ROOM SETS","color","Bronze"
"LIVING ROOM > LIVING ROOM SETS","color","Cream"
"LIVING ROOM > LIVING ROOM SETS","color","Mauve"
"LIVING ROOM > LIVING ROOM SETS","color","Olive"
"LIVING ROOM > LIVING ROOM SETS","color","Cyan"
"LIVING ROOM > LIVING ROOM SETS","color","Silver"
"LIVING ROOM > LIVING ROOM SETS","color","Rust"
"LIVING ROOM > LIVING ROOM SETS","color","Ruby"
"LIVING ROOM > LIVING ROOM SETS","color","Azure"
"LIVING ROOM > LIVING ROOM SETS","color","Mint"
"LIVING ROOM > LIVING ROOM SETS","color","Pearl"
"LIVING ROOM > LIVING ROOM SETS","color","Ivory"
"LIVING ROOM > LIVING ROOM SETS","color","Tangerine"
"LIVING ROOM > LIVING ROOM SETS","color","Cherry red"
"LIVING ROOM > LIVING ROOM SETS","color","Garnet"
"LIVING ROOM > LIVING ROOM SETS","color","Emerald"
"LIVING ROOM > LIVING ROOM SETS","color","Sapphire"
"LIVING ROOM > LIVING ROOM SETS","material","Plastic"
"LIVING ROOM > LIVING ROOM SETS","material","Metals"
"LIVING ROOM > LIVING ROOM SETS","material","Wood"
"LIVING ROOM > LIVING ROOM SETS","material","Paper"
"LIVING ROOM > LIVING ROOM SETS","material","Natural Textiles"
"LIVING ROOM > LIVING ROOM SETS","material","Synthetic Textiles"
"LIVING ROOM > LIVING ROOM SETS","material","Leather"
"LIVING ROOM > LIVING ROOM SETS","material","Fibers"
"LIVING ROOM > LIVING ROOM SETS","design","modern"
"LIVING ROOM > LIVING ROOM SETS","design","contemporary"
"LIVING ROOM > LIVING ROOM SETS","design","natural"
"LIVING ROOM > LIVING ROOM SETS","design","regular"
"OUTDOOR > TABLE","color","White"
"OUTDOOR > TABLE","color","Black"
"OUTDOOR > TABLE","color","Orange"
"OUTDOOR > TABLE","color","Maroon"
"OUTDOOR > TABLE","color","Red"
"OUTDOOR > TABLE","color","Yellow"
"OUTDOOR > TABLE","color","Lime green"
"OUTDOOR > TABLE","color","Salmon"
"OUTDOOR > TABLE","color","Green"
"OUTDOOR > TABLE","color","Sky blue"
"OUTDOOR > TABLE","color","Crimson"
"OUTDOOR > TABLE","color","Aqua"
"OUTDOOR > TABLE","color","Grey"
"OUTDOOR > TABLE","color","Purple"
"OUTDOOR > TABLE","color","Mustard"
"OUTDOOR > TABLE","color","Peach"
"OUTDOOR > TABLE","color","Violet"
"OUTDOOR > TABLE","color","Magenta"
"OUTDOOR > TABLE","color","Coral"
"OUTDOOR > TABLE","color","Saffron"
"OUTDOOR > TABLE","color","Brown"
"OUTDOOR > TABLE","color","Pink"
"OUTDOOR > TABLE","color","Tan"
"OUTDOOR > TABLE","color","Teal"
"OUTDOOR > TABLE","color","Navy Blue"
"OUTDOOR > TABLE","color","Turquoise"
"OUTDOOR > TABLE","color","Lavender"
"OUTDOOR > TABLE","color","Beige"
"OUTDOOR > TABLE","color","Lemon yellow"
"OUTDOOR > TABLE","color","Grape vine"
"OUTDOOR > TABLE","color","Indigo"
"OUTDOOR > TABLE","color","Fuchsia"
"OUTDOOR > TABLE","color","Amber"
"OUTDOOR > TABLE","color","Sea green"
"OUTDOOR > TABLE","color","Dark green"
"OUTDOOR > TABLE","color","Burgundy"
"OUTDOOR > TABLE","color","Charcoal"
"OUTDOOR > TABLE","color","Bronze"
"OUTDOOR > TABLE","color","Cream"
"OUTDOOR > TABLE","color","Mauve"
"OUTDOOR > TABLE","color","Olive"
"OUTDOOR > TABLE","color","Cyan"
"OUTDOOR > TABLE","color","Silver"
"OUTDOOR > TABLE","color","Rust"
"OUTDOOR > TABLE","color","Ruby"
"OUTDOOR > TABLE","color","Azure"
"OUTDOOR > TABLE","color","Mint"
"OUTDOOR > TABLE","color","Pearl"
"OUTDOOR > TABLE","color","Ivory"
"OUTDOOR > TABLE","color","Tangerine"
"OUTDOOR > TABLE","color","Cherry red"
"OUTDOOR > TABLE","color","Garnet"
"OUTDOOR > TABLE","color","Emerald"
"OUTDOOR > TABLE","color","Sapphire"
"OUTDOOR > TABLE","material","Plastic"
"OUTDOOR > TABLE","material","Metals"
"OUTDOOR > TABLE","material","Wood"
"OUTDOOR > TABLE","material","Paper"
"OUTDOOR > TABLE","material","Natural Textiles"
"OUTDOOR > TABLE","material","Synthetic Textiles"
"OUTDOOR > TABLE","material","Leather"
"OUTDOOR > TABLE","material","Fibers"
"OUTDOOR > TABLE","design","modern"
"OUTDOOR > TABLE","design","contemporary"
"OUTDOOR > TABLE","design","natural"
"OUTDOOR > TABLE","design","regular"
"OUTDOOR > CHAIR","color","White"
"OUTDOOR > CHAIR","color","Black"
"OUTDOOR > CHAIR","color","Orange"
"OUTDOOR > CHAIR","color","Maroon"
"OUTDOOR > CHAIR","color","Red"
"OUTDOOR > CHAIR","color","Yellow"
"OUTDOOR > CHAIR","color","Lime green"
"OUTDOOR > CHAIR","color","Salmon"
"OUTDOOR > CHAIR","color","Green"
"OUTDOOR > CHAIR","color","Sky blue"
"OUTDOOR > CHAIR","color","Crimson"
"OUTDOOR > CHAIR","color","Aqua"
"OUTDOOR > CHAIR","color","Grey"
"OUTDOOR > CHAIR","color","Purple"
"OUTDOOR > CHAIR","color","Mustard"
"OUTDOOR > CHAIR","color","Peach"
"OUTDOOR > CHAIR","color","Violet"
"OUTDOOR > CHAIR","color","Magenta"
"OUTDOOR > CHAIR","color","Coral"
"OUTDOOR > CHAIR","color","Saffron"
"OUTDOOR > CHAIR","color","Brown"
"OUTDOOR > CHAIR","color","Pink"
"OUTDOOR > CHAIR","color","Tan"
"OUTDOOR > CHAIR","color","Teal"
"OUTDOOR > CHAIR","color","Navy Blue"
"OUTDOOR > CHAIR","color","Turquoise"
"OUTDOOR > CHAIR","color","Lavender"
"OUTDOOR > CHAIR","color","Beige"
"OUTDOOR > CHAIR","color","Lemon yellow"
"OUTDOOR > CHAIR","color","Grape vine"
"OUTDOOR > CHAIR","color","Indigo"
"OUTDOOR > CHAIR","color","Fuchsia"
"OUTDOOR > CHAIR","color","Amber"
"OUTDOOR > CHAIR","color","Sea green"
"OUTDOOR > CHAIR","color","Dark green"
"OUTDOOR > CHAIR","color","Burgundy"
"OUTDOOR > CHAIR","color","Charcoal"
"OUTDOOR > CHAIR","color","Bronze"
"OUTDOOR > CHAIR","color","Cream"
"OUTDOOR > CHAIR","color","Mauve"
"OUTDOOR > CHAIR","color","Olive"
"OUTDOOR > CHAIR","color","Cyan"
"OUTDOOR > CHAIR","color","Silver"
"OUTDOOR > CHAIR","color","Rust"
"OUTDOOR > CHAIR","color","Ruby"
"OUTDOOR > CHAIR","color","Azure"
"OUTDOOR > CHAIR","color","Mint"
"OUTDOOR > CHAIR","color","Pearl"
"OUTDOOR > CHAIR","color","Ivory"
"OUTDOOR > CHAIR","color","Tangerine"
"OUTDOOR > CHAIR","color","Cherry red"
"OUTDOOR > CHAIR","color","Garnet"
"OUTDOOR > CHAIR","color","Emerald"
"OUTDOOR > CHAIR","color","Sapphire"
"OUTDOOR > CHAIR","material","Plastic"
"OUTDOOR > CHAIR","material","Metals"
"OUTDOOR > CHAIR","material","Wood"
"OUTDOOR > CHAIR","material","Paper"
"OUTDOOR > CHAIR","material","Natural Textiles"
"OUTDOOR > CHAIR","material","Synthetic Textiles"
"OUTDOOR > CHAIR","material","Leather"
"OUTDOOR > CHAIR","material","Fibers"
"OUTDOOR > CHAIR","design","modern"
"OUTDOOR > CHAIR","design","contemporary"
"OUTDOOR > CHAIR","design","natural"
"OUTDOOR > CHAIR","design","regular"
"OUTDOOR > SOFA","color","White"
"OUTDOOR > SOFA","color","Black"
"OUTDOOR > SOFA","color","Orange"
"OUTDOOR > SOFA","color","Maroon"
"OUTDOOR > SOFA","color","Red"
"OUTDOOR > SOFA","color","Yellow"
"OUTDOOR > SOFA","color","Lime green"
"OUTDOOR > SOFA","color","Salmon"
"OUTDOOR > SOFA","color","Green"
"OUTDOOR > SOFA","color","Sky blue"
"OUTDOOR > SOFA","color","Crimson"
"OUTDOOR > SOFA","color","Aqua"
"OUTDOOR > SOFA","color","Grey"
"OUTDOOR > SOFA","color","Purple"
"OUTDOOR > SOFA","color","Mustard"
"OUTDOOR > SOFA","color","Peach"
"OUTDOOR > SOFA","color","Violet"
"OUTDOOR > SOFA","color","Magenta"
"OUTDOOR > SOFA","color","Coral"
"OUTDOOR > SOFA","color","Saffron"
"OUTDOOR > SOFA","color","Brown"
"OUTDOOR > SOFA","color","Pink"
"OUTDOOR > SOFA","color","Tan"
"OUTDOOR > SOFA","color","Teal"
"OUTDOOR > SOFA","color","Navy Blue"
"OUTDOOR > SOFA","color","Turquoise"
"OUTDOOR > SOFA","color","Lavender"
"OUTDOOR > SOFA","color","Beige"
"OUTDOOR > SOFA","color","Lemon yellow"
"OUTDOOR > SOFA","color","Grape vine"
"OUTDOOR > SOFA","color","Indigo"
"OUTDOOR > SOFA","color","Fuchsia"
"OUTDOOR > SOFA","color","Amber"
"OUTDOOR > SOFA","color","Sea green"
"OUTDOOR > SOFA","color","Dark green"
"OUTDOOR > SOFA","color","Burgundy"
"OUTDOOR > SOFA","color","Charcoal"
"OUTDOOR > SOFA","color","Bronze"
"OUTDOOR > SOFA","color","Cream"
"OUTDOOR > SOFA","color","Mauve"
"OUTDOOR > SOFA","color","Olive"
"OUTDOOR > SOFA","color","Cyan"
"OUTDOOR > SOFA","color","Silver"
"OUTDOOR > SOFA","color","Rust"
"OUTDOOR > SOFA","color","Ruby"
"OUTDOOR > SOFA","color","Azure"
"OUTDOOR > SOFA","color","Mint"
"OUTDOOR > SOFA","color","Pearl"
"OUTDOOR > SOFA","color","Ivory"
"OUTDOOR > SOFA","color","Tangerine"
"OUTDOOR > SOFA","color","Cherry red"
"OUTDOOR > SOFA","color","Garnet"
"OUTDOOR > SOFA","color","Emerald"
"OUTDOOR > SOFA","color","Sapphire"
"OUTDOOR > SOFA","material","Plastic"
"OUTDOOR > SOFA","material","Metals"
"OUTDOOR > SOFA","material","Wood"
"OUTDOOR > SOFA","material","Paper"
"OUTDOOR > SOFA","material","Natural Textiles"
"OUTDOOR > SOFA","material","Synthetic Textiles"
"OUTDOOR > SOFA","material","Leather"
"OUTDOOR > SOFA","material","Fibers"
"OUTDOOR > SOFA","design","modern"
"OUTDOOR > SOFA","design","contemporary"
"OUTDOOR > SOFA","design","natural"
"OUTDOOR > SOFA","design","regular"
"OUTDOOR > OTTOMAN","color","White"
"OUTDOOR > OTTOMAN","color","Black"
"OUTDOOR > OTTOMAN","color","Orange"
"OUTDOOR > OTTOMAN","color","Maroon"
"OUTDOOR > OTTOMAN","color","Red"
"OUTDOOR > OTTOMAN","color","Yellow"
"OUTDOOR > OTTOMAN","color","Lime green"
"OUTDOOR > OTTOMAN","color","Salmon"
"OUTDOOR > OTTOMAN","color","Green"
"OUTDOOR > OTTOMAN","color","Sky blue"
"OUTDOOR > OTTOMAN","color","Crimson"
"OUTDOOR > OTTOMAN","color","Aqua"
"OUTDOOR > OTTOMAN","color","Grey"
"OUTDOOR > OTTOMAN","color","Purple"
"OUTDOOR > OTTOMAN","color","Mustard"
"OUTDOOR > OTTOMAN","color","Peach"
"OUTDOOR > OTTOMAN","color","Violet"
"OUTDOOR > OTTOMAN","color","Magenta"
"OUTDOOR > OTTOMAN","color","Coral"
"OUTDOOR > OTTOMAN","color","Saffron"
"OUTDOOR > OTTOMAN","color","Brown"
"OUTDOOR > OTTOMAN","color","Pink"
"OUTDOOR > OTTOMAN","color","Tan"
"OUTDOOR > OTTOMAN","color","Teal"
"OUTDOOR > OTTOMAN","color","Navy Blue"
"OUTDOOR > OTTOMAN","color","Turquoise"
"OUTDOOR > OTTOMAN","color","Lavender"
"OUTDOOR > OTTOMAN","color","Beige"
"OUTDOOR > OTTOMAN","color","Lemon yellow"
"OUTDOOR > OTTOMAN","color","Grape vine"
"OUTDOOR > OTTOMAN","color","Indigo"
"OUTDOOR > OTTOMAN","color","Fuchsia"
"OUTDOOR > OTTOMAN","color","Amber"
"OUTDOOR > OTTOMAN","color","Sea green"
"OUTDOOR > OTTOMAN","color","Dark green"
"OUTDOOR > OTTOMAN","color","Burgundy"
"OUTDOOR > OTTOMAN","color","Charcoal"
"OUTDOOR > OTTOMAN","color","Bronze"
"OUTDOOR > OTTOMAN","color","Cream"
"OUTDOOR > OTTOMAN","color","Mauve"
"OUTDOOR > OTTOMAN","color","Olive"
"OUTDOOR > OTTOMAN","color","Cyan"
"OUTDOOR > OTTOMAN","color","Silver"
"OUTDOOR > OTTOMAN","color","Rust"
"OUTDOOR > OTTOMAN","color","Ruby"
"OUTDOOR > OTTOMAN","color","Azure"
"OUTDOOR > OTTOMAN","color","Mint"
"OUTDOOR > OTTOMAN","color","Pearl"
"OUTDOOR > OTTOMAN","color","Ivory"
"OUTDOOR > OTTOMAN","color","Tangerine"
"OUTDOOR > OTTOMAN","color","Cherry red"
"OUTDOOR > OTTOMAN","color","Garnet"
"OUTDOOR > OTTOMAN","color","Emerald"
"OUTDOOR > OTTOMAN","color","Sapphire"
"OUTDOOR > OTTOMAN","material","Plastic"
"OUTDOOR > OTTOMAN","material","Metals"
"OUTDOOR > OTTOMAN","material","Wood"
"OUTDOOR > OTTOMAN","material","Paper"
"OUTDOOR > OTTOMAN","material","Natural Textiles"
"OUTDOOR > OTTOMAN","material","Synthetic Textiles"
"OUTDOOR > OTTOMAN","material","Leather"
"OUTDOOR > OTTOMAN","material","Fibers"
"OUTDOOR > OTTOMAN","design","modern"
"OUTDOOR > OTTOMAN","design","contemporary"
"OUTDOOR > OTTOMAN","design","natural"
"OUTDOOR > OTTOMAN","design","regular"
